,T03,index,T04,T05,T06
0,6175,131,6500.0,6745.0,8440.0
90,7244,131,12074.0,0.0,8171.0
89,6530,131,12064.0,0.0,7917.0
1,6936,132,6356.0,6607.0,8500.0
92,6823,132,11847.0,0.0,6997.0
91,6336,132,10855.0,0.0,8073.0
2,7387,133,6354.0,6237.0,8304.0
3,7628,134,6714.0,6308.0,8822.0
93,4682,134,10716.0,0.0,8077.0
4,7761,135,6427.0,6336.0,8812.0
94,6763,135,11956.0,0.0,8219.0
95,6616,136,12327.0,0.0,7838.0
5,8439,136,6414.0,6745.0,8610.0
6,8731,137,6550.0,7034.0,8410.0
7,9790,138,6547.0,6925.0,8667.0
8,9389,139,6387.0,6649.0,8550.0
9,9494,140,6715.0,6982.0,7956.0
10,9877,141,5112.0,4392.0,8609.0
11,9456,142,7479.0,6949.0,8573.0
12,9386,143,7368.0,6972.0,8425.0
13,9544,144,7388.0,6842.0,8877.0
14,9903,145,7415.0,6780.0,8827.0
15,9682,146,7466.0,6834.0,8670.0
16,9393,147,7322.0,7140.0,9104.0
17,10301,148,7669.0,7169.0,8720.0
18,9774,149,7546.0,6852.0,8900.0
19,9004,150,7410.0,7031.0,8995.0
20,1906,152,7460.0,6872.0,7988.0
21,9127,153,5105.0,5458.0,8921.0
22,10206,154,7632.0,7043.0,7772.0
23,9910,155,6644.0,5873.0,8883.0
24,9024,156,7656.0,6897.0,9009.0
25,10252,157,7846.0,6673.0,9031.0
26,10498,158,7869.0,7223.0,8467.0
27,9949,159,7912.0,7290.0,8767.0
28,9562,160,7947.0,7130.0,9178.0
29,10736,161,7823.0,7284.0,8901.0
30,12348,162,8140.0,7307.0,8949.0
31,12103,163,7989.0,7340.0,7981.0
32,12816,164,5334.0,5712.0,9164.0
33,12896,165,8062.0,7269.0,9359.0
34,12833,166,8861.0,7585.0,9422.0
35,12896,167,9364.0,7256.0,8855.0
36,13007,168,10495.0,7400.0,9111.0
37,12433,169,9904.0,7329.0,9364.0
38,12538,170,10354.0,7645.0,9975.0
39,11634,171,10314.0,7593.0,22185.0
40,11659,172,10688.0,7412.0,8131.0
41,10870,173,11021.0,7551.0,15056.0
42,10722,174,11129.0,7626.0,18335.0
43,11390,175,5316.0,5745.0,16665.0
44,10447,176,11099.0,7765.0,20699.0
45,10753,177,10972.0,7609.0,17141.0
46,11447,178,10782.0,7444.0,17446.0
47,11281,179,11116.0,7780.0,16718.0
48,10867,180,11083.0,7410.0,18137.0
49,2136,181,10904.0,8028.0,18934.0
50,4250,182,10950.0,7923.0,18423.0
51,11909,183,11328.0,8309.0,7911.0
52,12460,184,11057.0,7806.0,18301.0
53,11780,185,10794.0,8199.0,18723.0
54,12127,186,5461.0,6261.0,19723.0
55,12444,187,11629.0,8214.0,20045.0
56,11817,188,4919.0,6807.0,28977.0
57,12669,189,5046.0,8141.0,28876.0
58,12307,190,5036.0,8378.0,28411.0
59,9940,191,9322.0,8386.0,37423.0
60,11641,192,10245.0,8399.0,35918.0
61,9513,193,10359.0,8913.0,28729.0
62,12135,194,10983.0,9139.0,7494.0
63,11872,195,10887.0,9890.0,30016.0
64,11403,196,5346.0,10215.0,7772.0
65,11877,197,10940.0,6514.0,7783.0
66,11539,198,10571.0,10593.0,7728.0
67,11130,199,10793.0,11196.0,8056.0
68,12189,200,11162.0,12724.0,6600.0
69,11301,201,10947.0,20631.0,7987.0
70,11534,202,11368.0,27503.0,8025.0
71,11870,203,11755.0,32203.0,7976.0
72,12080,204,11632.0,6426.0,7997.0
73,11621,205,11659.0,6454.0,8138.0
74,11437,206,11952.0,6482.0,7812.0
75,11735,207,5470.0,0.0,7950.0
76,11983,208,11429.0,0.0,7914.0
77,12464,209,11380.0,0.0,7772.0
78,11865,210,11483.0,0.0,7809.0
79,11704,211,11590.0,0.0,7801.0
80,11915,212,11155.0,0.0,7815.0
81,11714,213,11466.0,0.0,7983.0
82,11855,214,11785.0,0.0,7990.0
83,12081,215,11723.0,0.0,7949.0
84,12087,216,11535.0,0.0,7990.0
85,12193,217,11505.0,0.0,7850.0
86,12650,218,5486.0,0.0,7845.0
87,12220,219,11725.0,0.0,8032.0
88,12445,220,11992.0,0.0,7881.0
634,1130,221,0.0,0.0,0.0
635,11952,222,0.0,0.0,0.0
636,12333,223,0.0,0.0,0.0
637,12550,224,0.0,0.0,0.0
638,11950,225,0.0,0.0,0.0
639,12243,226,0.0,0.0,0.0
640,12649,227,0.0,0.0,0.0
641,13101,228,0.0,0.0,0.0
642,13181,229,0.0,0.0,0.0
643,12989,230,0.0,0.0,0.0
644,12487,231,0.0,0.0,0.0
645,13559,232,0.0,0.0,0.0
646,12923,233,0.0,0.0,0.0
647,12769,234,0.0,0.0,0.0
648,13232,235,0.0,0.0,0.0
649,13233,236,0.0,0.0,0.0
650,12983,237,0.0,0.0,0.0
651,12547,238,0.0,0.0,0.0
96,12172,239,12102.0,0.0,8191.0
97,12650,240,5467.0,0.0,8042.0
98,13246,241,12294.0,0.0,8220.0
99,13071,242,13060.0,0.0,8027.0
100,12858,243,12218.0,0.0,8257.0
101,13310,244,12500.0,0.0,7994.0
102,12902,245,12528.0,0.0,8250.0
103,12924,246,12857.0,0.0,8424.0
104,13353,247,12094.0,0.0,8300.0
105,13144,248,12432.0,0.0,7954.0
106,11231,249,12652.0,0.0,7925.0
107,13330,250,12454.0,0.0,8136.0
108,13947,251,5380.0,0.0,8493.0
109,14461,252,3837.0,0.0,8167.0
110,13438,253,12434.0,0.0,8156.0
111,13459,254,12809.0,0.0,8148.0
112,14263,255,12192.0,0.0,7993.0
113,12622,256,12798.0,0.0,8317.0
114,13646,257,12773.0,0.0,8199.0
115,14758,258,13202.0,0.0,8128.0
116,14398,259,12957.0,0.0,8529.0
117,13642,260,12704.0,0.0,8495.0
118,13122,261,13027.0,0.0,8158.0
119,14313,262,12982.0,0.0,8500.0
120,13288,263,5516.0,0.0,8150.0
121,13420,264,12955.0,0.0,8352.0
122,13734,265,13330.0,0.0,8186.0
123,13494,266,12743.0,0.0,7837.0
124,14605,267,13026.0,0.0,8219.0
125,13180,268,12929.0,0.0,8032.0
126,13619,269,13041.0,0.0,8376.0
127,14157,270,13603.0,0.0,8413.0
128,14524,271,14105.0,0.0,8388.0
129,14793,272,13799.0,0.0,8249.0
130,14854,273,14028.0,0.0,8470.0
131,14159,274,5500.0,0.0,8452.0
132,14988,275,14936.0,0.0,8481.0
133,14446,276,11682.0,0.0,8116.0
134,14874,277,14645.0,0.0,8149.0
135,15240,278,15004.0,0.0,8286.0
136,10883,281,15542.0,0.0,7092.0
137,13153,282,14889.0,0.0,8164.0
138,13494,283,14766.0,0.0,7966.0
139,13726,284,14448.0,0.0,8368.0
140,13819,285,14396.0,0.0,8350.0
141,13264,286,14594.0,0.0,8563.0
142,12940,287,5625.0,0.0,8078.0
143,13459,288,14715.0,0.0,8235.0
144,13489,289,15378.0,0.0,8404.0
145,13781,290,15514.0,0.0,8292.0
146,13855,291,16382.0,0.0,8125.0
147,13949,292,15312.0,0.0,8490.0
148,15169,293,15128.0,0.0,8503.0
149,14501,294,15912.0,0.0,8506.0
150,14021,295,16154.0,0.0,8356.0
151,14397,296,16032.0,0.0,8534.0
152,14286,297,16207.0,0.0,8513.0
153,14073,298,5467.0,0.0,8741.0
154,13755,299,17401.0,0.0,8564.0
155,13949,300,18278.0,0.0,8430.0
156,15106,301,18364.0,0.0,7971.0
157,14332,302,18286.0,0.0,0.0
158,14818,303,18817.0,0.0,0.0
159,14910,304,18420.0,0.0,0.0
160,14355,305,18005.0,0.0,0.0
161,14952,306,17123.0,0.0,0.0
162,13928,307,17091.0,0.0,0.0
163,14359,308,17124.0,0.0,0.0
164,14939,309,5495.0,0.0,0.0
165,15096,310,17931.0,0.0,0.0
166,13459,311,13671.0,0.0,0.0
167,16144,312,17837.0,0.0,0.0
168,16690,313,17836.0,0.0,0.0
169,16575,314,18654.0,0.0,0.0
170,17123,315,16985.0,0.0,0.0
171,15726,316,16937.0,0.0,0.0
172,16760,317,16902.0,0.0,0.0
173,16293,318,18740.0,0.0,0.0
174,15978,319,17446.0,0.0,0.0
175,16226,320,5552.0,0.0,0.0
176,16283,321,18490.0,0.0,0.0
177,17128,322,18620.0,0.0,0.0
178,16848,323,18614.0,0.0,0.0
179,16036,324,21386.0,0.0,0.0
180,16785,325,19186.0,0.0,0.0
181,16168,326,18555.0,0.0,0.0
182,16702,327,20002.0,0.0,0.0
183,16405,328,20032.0,0.0,0.0
184,16393,329,20171.0,0.0,0.0
185,15917,330,19373.0,0.0,0.0
186,16742,331,5433.0,0.0,0.0
187,16717,332,24822.0,0.0,0.0
188,16815,333,23678.0,0.0,0.0
189,16313,334,23892.0,0.0,0.0
190,16324,335,24683.0,0.0,0.0
191,16670,336,25682.0,0.0,0.0
192,17339,337,26257.0,0.0,0.0
193,17898,338,22595.0,0.0,0.0
194,17638,339,21657.0,0.0,0.0
195,17883,340,22427.0,0.0,0.0
196,13021,341,22266.0,0.0,0.0
197,15593,342,5451.0,0.0,0.0
198,15268,343,21995.0,0.0,0.0
199,15938,344,12972.0,0.0,0.0
200,15144,345,17256.0,0.0,0.0
201,15089,346,19153.0,0.0,0.0
202,16178,347,19196.0,0.0,0.0
203,14328,348,19815.0,0.0,0.0
204,15430,349,19586.0,0.0,0.0
205,15451,350,20155.0,0.0,0.0
206,16253,351,20059.0,0.0,0.0
207,14051,352,19844.0,0.0,0.0
208,14803,353,5678.0,0.0,0.0
209,14538,354,19504.0,0.0,0.0
210,15050,355,19905.0,0.0,0.0
211,15883,356,19976.0,0.0,0.0
212,17075,357,20431.0,0.0,0.0
213,17002,358,21289.0,0.0,0.0
214,15997,359,20101.0,0.0,0.0
215,15344,360,20641.0,0.0,0.0
216,17117,361,24927.0,0.0,0.0
217,16779,362,25571.0,0.0,0.0
218,16786,363,26924.0,0.0,0.0
219,14995,364,5558.0,0.0,0.0
220,16930,365,4707.0,0.0,0.0
221,16550,366,24970.0,0.0,0.0
222,15569,367,25578.0,0.0,0.0
223,16514,368,23442.0,0.0,0.0
224,16003,369,30236.0,0.0,0.0
225,16848,370,29136.0,0.0,0.0
226,14770,371,23695.0,0.0,0.0
227,18890,372,22658.0,0.0,0.0
228,18552,373,28458.0,0.0,0.0
229,17605,374,23748.0,0.0,0.0
230,17690,375,24296.0,0.0,0.0
231,18311,376,5634.0,0.0,0.0
232,18291,377,22654.0,0.0,0.0
233,18175,378,16048.0,0.0,0.0
234,18870,379,31680.0,0.0,0.0
235,18227,380,33707.0,0.0,0.0
236,18678,381,28749.0,0.0,0.0
237,18647,382,31655.0,0.0,0.0
238,18554,383,4851.0,0.0,0.0
239,17176,384,24955.0,0.0,0.0
240,17577,385,25330.0,0.0,0.0
241,18543,386,23528.0,0.0,0.0
242,18671,387,24024.0,0.0,0.0
243,18543,388,25278.0,0.0,0.0
244,18443,389,22317.0,0.0,0.0
245,18124,390,31174.0,0.0,0.0
246,19111,391,32630.0,0.0,0.0
247,17602,392,26547.0,0.0,0.0
248,17683,393,5769.0,0.0,0.0
249,18556,394,5874.0,0.0,0.0
250,17267,395,6066.0,0.0,0.0
251,17903,396,5817.0,0.0,0.0
252,17772,397,5871.0,0.0,0.0
253,18579,398,5887.0,0.0,0.0
254,17372,399,5935.0,0.0,0.0
255,17835,400,5790.0,0.0,0.0
256,12234,401,4905.0,0.0,0.0
257,12840,402,5788.0,0.0,0.0
258,15514,403,5788.0,0.0,0.0
259,16031,404,5840.0,0.0,0.0
260,15939,405,5924.0,0.0,0.0
261,17054,406,5914.0,0.0,0.0
262,16002,407,6013.0,0.0,0.0
263,16221,408,5902.0,0.0,0.0
264,16654,409,6062.0,0.0,0.0
265,16074,410,6054.0,0.0,0.0
266,16533,411,6027.0,0.0,0.0
267,16018,412,4832.0,0.0,0.0
268,17149,413,5919.0,0.0,0.0
269,16864,414,5946.0,0.0,0.0
270,16629,415,5810.0,0.0,0.0
271,15749,416,5922.0,0.0,0.0
272,15159,417,6045.0,0.0,0.0
273,14981,418,6003.0,0.0,0.0
274,14709,419,6146.0,0.0,0.0
275,14754,420,6173.0,0.0,0.0
276,16488,421,6159.0,0.0,0.0
277,15605,422,6292.0,0.0,0.0
278,17334,423,4812.0,0.0,0.0
279,15656,424,6202.0,0.0,0.0
280,16252,425,5136.0,0.0,0.0
281,16627,426,6063.0,0.0,0.0
282,17233,427,5834.0,0.0,0.0
283,16544,428,5957.0,0.0,0.0
284,16493,429,6194.0,0.0,0.0
285,15718,430,6052.0,0.0,0.0
286,14578,431,6060.0,0.0,0.0
287,19017,432,5924.0,0.0,0.0
288,19637,433,5769.0,0.0,0.0
289,19219,434,4987.0,0.0,0.0
290,19488,435,6023.0,0.0,0.0
291,18836,436,6160.0,0.0,0.0
292,18669,437,6016.0,0.0,0.0
293,18520,438,5937.0,0.0,0.0
294,18724,439,6046.0,0.0,0.0
295,18574,440,5915.0,0.0,0.0
296,19250,441,6048.0,0.0,0.0
297,18872,442,5179.0,0.0,0.0
298,19164,443,6012.0,0.0,0.0
299,19321,444,5870.0,0.0,0.0
300,18916,445,5060.0,0.0,0.0
301,18287,446,5924.0,0.0,0.0
302,18107,447,5897.0,0.0,0.0
303,19363,448,6147.0,0.0,0.0
304,19341,449,5900.0,0.0,0.0
305,19898,450,6027.0,0.0,0.0
306,19657,451,5940.0,0.0,0.0
307,20000,452,6176.0,0.0,0.0
308,20610,453,5919.0,0.0,0.0
309,20193,454,6049.0,0.0,0.0
310,19686,455,6293.0,0.0,0.0
311,20345,456,5075.0,0.0,0.0
312,20103,457,6289.0,0.0,0.0
313,18972,458,5463.0,0.0,0.0
314,19544,459,6055.0,0.0,0.0
315,18974,460,6308.0,0.0,0.0
316,14133,461,6344.0,0.0,0.0
317,21222,462,6354.0,0.0,0.0
318,20966,463,6270.0,0.0,0.0
319,21027,464,6310.0,0.0,0.0
320,21488,465,6439.0,0.0,0.0
321,20963,466,6332.0,0.0,0.0
322,21247,467,5089.0,0.0,0.0
323,22342,468,0.0,0.0,0.0
324,20398,469,0.0,0.0,0.0
325,22533,470,0.0,0.0,0.0
326,21466,471,0.0,0.0,0.0
327,21704,472,0.0,0.0,0.0
328,22421,473,0.0,0.0,0.0
329,22214,474,0.0,0.0,0.0
330,21507,475,0.0,0.0,0.0
331,22561,476,0.0,0.0,0.0
332,22944,477,0.0,0.0,0.0
333,22435,478,0.0,0.0,0.0
334,22813,479,0.0,0.0,0.0
335,22864,480,0.0,0.0,0.0
336,21760,481,0.0,0.0,0.0
337,22533,482,0.0,0.0,0.0
338,22533,483,0.0,0.0,0.0
339,22061,484,0.0,0.0,0.0
340,22136,485,0.0,0.0,0.0
341,22517,486,0.0,0.0,0.0
342,23055,487,0.0,0.0,0.0
343,22819,488,0.0,0.0,0.0
344,22215,489,0.0,0.0,0.0
345,22661,490,0.0,0.0,0.0
346,19474,491,0.0,0.0,0.0
347,18930,492,0.0,0.0,0.0
348,18806,493,0.0,0.0,0.0
349,20817,494,0.0,0.0,0.0
350,20510,495,0.0,0.0,0.0
351,19852,496,0.0,0.0,0.0
352,20121,497,0.0,0.0,0.0
353,19923,498,0.0,0.0,0.0
354,20167,499,0.0,0.0,0.0
355,19956,500,0.0,0.0,0.0
356,19944,501,0.0,0.0,0.0
357,20881,502,0.0,0.0,0.0
358,19180,503,0.0,0.0,0.0
359,18212,504,0.0,0.0,0.0
360,18586,505,0.0,0.0,0.0
361,18964,506,0.0,0.0,0.0
362,18731,507,0.0,0.0,0.0
363,18560,508,0.0,0.0,0.0
364,19701,509,0.0,0.0,0.0
365,19339,510,0.0,0.0,0.0
366,18527,511,0.0,0.0,0.0
367,18606,512,0.0,0.0,0.0
368,12082,513,0.0,0.0,0.0
369,16480,514,0.0,0.0,0.0
370,16298,515,0.0,0.0,0.0
371,16456,516,0.0,0.0,0.0
372,16590,517,0.0,0.0,0.0
373,16680,518,0.0,0.0,0.0
374,16386,519,0.0,0.0,0.0
375,16470,520,0.0,0.0,0.0
376,16710,521,0.0,0.0,0.0
377,15974,522,0.0,0.0,0.0
378,15603,523,0.0,0.0,0.0
379,17018,524,0.0,0.0,0.0
380,16996,525,0.0,0.0,0.0
381,16841,526,0.0,0.0,0.0
382,17128,527,0.0,0.0,0.0
383,16099,528,0.0,0.0,0.0
384,15324,529,0.0,0.0,0.0
385,15201,530,0.0,0.0,0.0
386,15998,531,0.0,0.0,0.0
387,16702,532,0.0,0.0,0.0
388,16630,533,0.0,0.0,0.0
389,15883,534,0.0,0.0,0.0
390,17134,535,0.0,0.0,0.0
391,16847,536,0.0,0.0,0.0
392,16537,537,0.0,0.0,0.0
393,15727,538,0.0,0.0,0.0
394,15878,539,0.0,0.0,0.0
395,15828,540,0.0,0.0,0.0
396,16661,541,0.0,0.0,0.0
397,15033,542,0.0,0.0,0.0
398,14000,543,0.0,0.0,0.0
399,20449,544,0.0,0.0,0.0
400,20699,545,0.0,0.0,0.0
401,20619,546,0.0,0.0,0.0
402,19119,547,0.0,0.0,0.0
403,21567,548,0.0,0.0,0.0
404,21415,549,0.0,0.0,0.0
405,21169,550,0.0,0.0,0.0
406,21970,551,0.0,0.0,0.0
407,20640,552,0.0,0.0,0.0
408,19438,553,0.0,0.0,0.0
409,19693,554,0.0,0.0,0.0
410,18847,555,0.0,0.0,0.0
411,18487,556,0.0,0.0,0.0
412,19060,557,0.0,0.0,0.0
413,20138,558,0.0,0.0,0.0
414,18462,559,0.0,0.0,0.0
415,19830,560,0.0,0.0,0.0
416,17627,561,0.0,0.0,0.0
417,19353,562,0.0,0.0,0.0
418,19928,563,0.0,0.0,0.0
419,20883,564,0.0,0.0,0.0
420,20165,565,0.0,0.0,0.0
421,19468,566,0.0,0.0,0.0
422,19592,567,0.0,0.0,0.0
423,18551,568,0.0,0.0,0.0
424,19242,569,0.0,0.0,0.0
425,20705,570,0.0,0.0,0.0
426,20136,571,0.0,0.0,0.0
427,20556,572,0.0,0.0,0.0
428,9247,581,0.0,0.0,0.0
429,16338,582,0.0,0.0,0.0
430,15321,583,0.0,0.0,0.0
431,15996,584,0.0,0.0,0.0
432,16362,585,0.0,0.0,0.0
433,16668,586,0.0,0.0,0.0
434,15476,587,0.0,0.0,0.0
435,16009,588,0.0,0.0,0.0
436,14303,589,0.0,0.0,0.0
437,14858,590,0.0,0.0,0.0
438,14750,591,0.0,0.0,0.0
439,14863,592,0.0,0.0,0.0
440,15249,593,0.0,0.0,0.0
441,15448,594,0.0,0.0,0.0
442,16216,595,0.0,0.0,0.0
443,16114,596,0.0,0.0,0.0
444,14704,597,0.0,0.0,0.0
445,16842,598,0.0,0.0,0.0
446,16612,599,0.0,0.0,0.0
447,18938,600,0.0,0.0,0.0
448,17303,601,0.0,0.0,0.0
449,17721,602,0.0,0.0,0.0
450,17783,603,0.0,0.0,0.0
451,19288,604,0.0,0.0,0.0
452,18268,605,0.0,0.0,0.0
453,18153,606,0.0,0.0,0.0
454,17084,607,0.0,0.0,0.0
455,18253,608,0.0,0.0,0.0
456,18316,609,0.0,0.0,0.0
457,18559,610,0.0,0.0,0.0
458,2796,615,0.0,0.0,0.0
459,19565,616,0.0,0.0,0.0
460,20715,617,0.0,0.0,0.0
461,21218,618,0.0,0.0,0.0
462,21146,619,0.0,0.0,0.0
463,19930,620,0.0,0.0,0.0
464,19610,621,0.0,0.0,0.0
465,19082,622,0.0,0.0,0.0
466,22461,623,0.0,0.0,0.0
467,20920,624,0.0,0.0,0.0
468,20659,625,0.0,0.0,0.0
469,20811,626,0.0,0.0,0.0
470,20104,627,0.0,0.0,0.0
471,20522,628,0.0,0.0,0.0
472,21934,629,0.0,0.0,0.0
473,22612,630,0.0,0.0,0.0
474,22004,631,0.0,0.0,0.0
475,21523,632,0.0,0.0,0.0
476,23001,633,0.0,0.0,0.0
477,23458,634,0.0,0.0,0.0
478,22611,635,0.0,0.0,0.0
479,23775,636,0.0,0.0,0.0
480,21997,637,0.0,0.0,0.0
481,22267,638,0.0,0.0,0.0
482,23901,639,0.0,0.0,0.0
483,21704,640,0.0,0.0,0.0
484,11204,641,0.0,0.0,0.0
485,19091,642,0.0,0.0,0.0
486,17413,643,0.0,0.0,0.0
487,18386,644,0.0,0.0,0.0
488,20139,645,0.0,0.0,0.0
489,22813,646,0.0,0.0,0.0
490,23237,647,0.0,0.0,0.0
491,23422,648,0.0,0.0,0.0
492,23083,649,0.0,0.0,0.0
493,22880,650,0.0,0.0,0.0
494,23440,651,0.0,0.0,0.0
495,20833,652,0.0,0.0,0.0
496,22923,653,0.0,0.0,0.0
497,23259,654,0.0,0.0,0.0
498,21133,655,0.0,0.0,0.0
499,21827,656,0.0,0.0,0.0
500,20748,657,0.0,0.0,0.0
501,21064,658,0.0,0.0,0.0
502,22008,659,0.0,0.0,0.0
503,20647,660,0.0,0.0,0.0
504,20707,661,0.0,0.0,0.0
505,21031,662,0.0,0.0,0.0
506,21314,663,0.0,0.0,0.0
507,21127,664,0.0,0.0,0.0
508,22492,665,0.0,0.0,0.0
509,21669,666,0.0,0.0,0.0
510,22096,667,0.0,0.0,0.0
511,21715,668,0.0,0.0,0.0
512,20972,669,0.0,0.0,0.0
513,21265,670,0.0,0.0,0.0
514,11653,671,0.0,0.0,0.0
515,15610,672,0.0,0.0,0.0
516,15709,673,0.0,0.0,0.0
517,16432,674,0.0,0.0,0.0
518,17144,675,0.0,0.0,0.0
519,18050,676,0.0,0.0,0.0
520,17434,677,0.0,0.0,0.0
521,17201,678,0.0,0.0,0.0
522,17453,679,0.0,0.0,0.0
523,16807,680,0.0,0.0,0.0
524,16786,681,0.0,0.0,0.0
525,17427,682,0.0,0.0,0.0
526,18120,683,0.0,0.0,0.0
527,17707,684,0.0,0.0,0.0
528,17845,685,0.0,0.0,0.0
529,17549,686,0.0,0.0,0.0
530,18652,687,0.0,0.0,0.0
531,18025,688,0.0,0.0,0.0
532,18640,689,0.0,0.0,0.0
533,18332,690,0.0,0.0,0.0
534,20744,691,0.0,0.0,0.0
535,19593,692,0.0,0.0,0.0
536,16801,693,0.0,0.0,0.0
537,17313,694,0.0,0.0,0.0
538,16319,695,0.0,0.0,0.0
539,17127,696,0.0,0.0,0.0
540,16907,697,0.0,0.0,0.0
541,16601,698,0.0,0.0,0.0
542,16507,699,0.0,0.0,0.0
543,17358,700,0.0,0.0,0.0
544,15541,701,0.0,0.0,0.0
545,23786,702,0.0,0.0,0.0
546,24704,703,0.0,0.0,0.0
547,26598,704,0.0,0.0,0.0
548,30267,705,0.0,0.0,0.0
549,30416,706,0.0,0.0,0.0
550,29493,707,0.0,0.0,0.0
551,27996,708,0.0,0.0,0.0
552,29555,709,0.0,0.0,0.0
553,24679,710,0.0,0.0,0.0
554,27776,711,0.0,0.0,0.0
555,25200,712,0.0,0.0,0.0
556,23659,713,0.0,0.0,0.0
557,28744,714,0.0,0.0,0.0
558,26382,715,0.0,0.0,0.0
559,28073,716,0.0,0.0,0.0
560,27724,717,0.0,0.0,0.0
561,29318,718,0.0,0.0,0.0
562,31229,719,0.0,0.0,0.0
563,31748,720,0.0,0.0,0.0
564,31660,721,0.0,0.0,0.0
565,24584,722,0.0,0.0,0.0
566,25726,723,0.0,0.0,0.0
567,24005,724,0.0,0.0,0.0
568,26653,725,0.0,0.0,0.0
569,29017,726,0.0,0.0,0.0
570,24525,727,0.0,0.0,0.0
571,21204,728,0.0,0.0,0.0
572,22106,729,0.0,0.0,0.0
573,21122,730,0.0,0.0,0.0
574,13108,731,0.0,0.0,0.0
575,21450,732,0.0,0.0,0.0
576,23988,733,0.0,0.0,0.0
577,24959,734,0.0,0.0,0.0
578,25958,735,0.0,0.0,0.0
579,26968,736,0.0,0.0,0.0
580,24279,737,0.0,0.0,0.0
581,23193,738,0.0,0.0,0.0
582,22516,739,0.0,0.0,0.0
583,23218,740,0.0,0.0,0.0
584,21616,741,0.0,0.0,0.0
585,22071,742,0.0,0.0,0.0
586,22145,743,0.0,0.0,0.0
587,22344,744,0.0,0.0,0.0
588,22670,745,0.0,0.0,0.0
589,22299,746,0.0,0.0,0.0
590,22810,747,0.0,0.0,0.0
591,24688,748,0.0,0.0,0.0
592,23393,749,0.0,0.0,0.0
593,22936,750,0.0,0.0,0.0
594,23518,751,0.0,0.0,0.0
595,21421,752,0.0,0.0,0.0
596,23200,753,0.0,0.0,0.0
597,22288,754,0.0,0.0,0.0
598,23704,755,0.0,0.0,0.0
599,24317,756,0.0,0.0,0.0
600,23827,757,0.0,0.0,0.0
601,24521,758,0.0,0.0,0.0
602,22801,759,0.0,0.0,0.0
603,24804,760,0.0,0.0,0.0
604,11963,761,0.0,0.0,0.0
605,22710,762,0.0,0.0,0.0
606,23785,763,0.0,0.0,0.0
607,24123,764,0.0,0.0,0.0
608,25075,765,0.0,0.0,0.0
609,26919,766,0.0,0.0,0.0
610,24629,767,0.0,0.0,0.0
611,25255,768,0.0,0.0,0.0
612,24935,769,0.0,0.0,0.0
613,23320,770,0.0,0.0,0.0
614,23156,771,0.0,0.0,0.0
615,23599,772,0.0,0.0,0.0
616,26404,773,0.0,0.0,0.0
617,26659,774,0.0,0.0,0.0
618,26902,775,0.0,0.0,0.0
619,27271,776,0.0,0.0,0.0
620,30424,777,0.0,0.0,0.0
621,27819,778,0.0,0.0,0.0
622,28029,779,0.0,0.0,0.0
623,32119,780,0.0,0.0,0.0
624,27113,781,0.0,0.0,0.0
625,25597,782,0.0,0.0,0.0
626,24519,783,0.0,0.0,0.0
627,25998,784,0.0,0.0,0.0
628,23451,785,0.0,0.0,0.0
629,23823,786,0.0,0.0,0.0
630,25923,787,0.0,0.0,0.0
631,25355,788,0.0,0.0,0.0
632,25564,789,0.0,0.0,0.0
633,23551,790,0.0,0.0,0.0
652,3022,791,0.0,0.0,0.0
653,8682,792,0.0,0.0,0.0
654,8223,793,0.0,0.0,0.0
655,8499,794,0.0,0.0,0.0
656,8066,795,0.0,0.0,0.0
657,4227,796,0.0,0.0,0.0
658,7461,797,0.0,0.0,0.0
659,7275,798,0.0,0.0,0.0
660,7668,799,0.0,0.0,0.0
661,9039,800,0.0,0.0,0.0
662,17283,801,0.0,0.0,0.0
663,17149,802,0.0,0.0,0.0
664,16531,803,0.0,0.0,0.0
665,16327,804,0.0,0.0,0.0
666,16710,805,0.0,0.0,0.0
667,17224,806,0.0,0.0,0.0
668,17649,807,0.0,0.0,0.0
669,21441,808,0.0,0.0,0.0
670,22228,809,0.0,0.0,0.0
671,21345,810,0.0,0.0,0.0
672,19744,811,0.0,0.0,0.0
673,19923,812,0.0,0.0,0.0
674,19246,813,0.0,0.0,0.0
675,19820,814,0.0,0.0,0.0
676,19934,815,0.0,0.0,0.0
677,19393,816,0.0,0.0,0.0
678,18338,817,0.0,0.0,0.0
679,17673,818,0.0,0.0,0.0
680,18691,819,0.0,0.0,0.0
681,18245,820,0.0,0.0,0.0
682,18593,821,0.0,0.0,0.0
683,19004,822,0.0,0.0,0.0
684,18693,823,0.0,0.0,0.0
685,18040,824,0.0,0.0,0.0
686,18772,825,0.0,0.0,0.0
687,9576,826,0.0,0.0,0.0
688,17710,827,0.0,0.0,0.0
689,19019,828,0.0,0.0,0.0
690,19854,829,0.0,0.0,0.0
691,19699,830,0.0,0.0,0.0
692,24038,831,0.0,0.0,0.0
693,25321,832,0.0,0.0,0.0
694,25743,833,0.0,0.0,0.0
695,24044,834,0.0,0.0,0.0
696,24615,835,0.0,0.0,0.0
697,24788,836,0.0,0.0,0.0
698,25026,837,0.0,0.0,0.0
699,23902,838,0.0,0.0,0.0
700,20716,839,0.0,0.0,0.0
701,24560,840,0.0,0.0,0.0
702,25390,841,0.0,0.0,0.0
703,22913,842,0.0,0.0,0.0
704,25601,843,0.0,0.0,0.0
705,25545,844,0.0,0.0,0.0
706,23711,845,0.0,0.0,0.0
707,23561,846,0.0,0.0,0.0
708,23789,847,0.0,0.0,0.0
709,24890,848,0.0,0.0,0.0
710,28749,849,0.0,0.0,0.0
711,24804,850,0.0,0.0,0.0
712,22797,851,0.0,0.0,0.0
713,22370,852,0.0,0.0,0.0
714,23147,853,0.0,0.0,0.0
715,25612,854,0.0,0.0,0.0
716,24324,855,0.0,0.0,0.0
717,10903,856,0.0,0.0,0.0
718,24270,857,0.0,0.0,0.0
719,25321,858,0.0,0.0,0.0
720,24086,859,0.0,0.0,0.0
721,23980,860,0.0,0.0,0.0
722,26754,861,0.0,0.0,0.0
723,27331,862,0.0,0.0,0.0
724,27379,863,0.0,0.0,0.0
725,27841,864,0.0,0.0,0.0
726,27139,865,0.0,0.0,0.0
727,28574,866,0.0,0.0,0.0
728,28516,867,0.0,0.0,0.0
729,27805,868,0.0,0.0,0.0
730,28452,869,0.0,0.0,0.0
731,27979,870,0.0,0.0,0.0
732,27379,871,0.0,0.0,0.0
733,27296,872,0.0,0.0,0.0
734,27706,873,0.0,0.0,0.0
735,27232,874,0.0,0.0,0.0
736,25616,875,0.0,0.0,0.0
737,26242,876,0.0,0.0,0.0
738,25928,877,0.0,0.0,0.0
739,28291,878,0.0,0.0,0.0
740,25894,879,0.0,0.0,0.0
741,26024,880,0.0,0.0,0.0
742,26629,881,0.0,0.0,0.0
743,28741,882,0.0,0.0,0.0
744,28852,883,0.0,0.0,0.0
745,25884,884,0.0,0.0,0.0
746,27974,885,0.0,0.0,0.0
747,11219,886,0.0,0.0,0.0
748,25185,887,0.0,0.0,0.0
749,26111,888,0.0,0.0,0.0
750,23586,889,0.0,0.0,0.0
751,23910,890,0.0,0.0,0.0
752,25273,891,0.0,0.0,0.0
753,25706,892,0.0,0.0,0.0
754,28226,893,0.0,0.0,0.0
755,28332,894,0.0,0.0,0.0
756,28933,895,0.0,0.0,0.0
757,29563,896,0.0,0.0,0.0
758,29029,897,0.0,0.0,0.0
759,30151,898,0.0,0.0,0.0
760,29976,899,0.0,0.0,0.0
761,27805,900,0.0,0.0,0.0
762,28431,901,0.0,0.0,0.0
763,29551,902,0.0,0.0,0.0
764,30011,903,0.0,0.0,0.0
765,30330,904,0.0,0.0,0.0
766,27111,905,0.0,0.0,0.0
767,25983,906,0.0,0.0,0.0
768,27989,907,0.0,0.0,0.0
769,26441,908,0.0,0.0,0.0
770,26737,909,0.0,0.0,0.0
771,26387,910,0.0,0.0,0.0
772,26359,911,0.0,0.0,0.0
773,28646,912,0.0,0.0,0.0
774,29295,913,0.0,0.0,0.0
775,28923,914,0.0,0.0,0.0
776,29324,915,0.0,0.0,0.0
777,10125,916,0.0,0.0,0.0
778,19405,917,0.0,0.0,0.0
779,19990,918,0.0,0.0,0.0
780,25240,919,0.0,0.0,0.0
781,29896,920,0.0,0.0,0.0
782,23827,921,0.0,0.0,0.0
783,30014,922,0.0,0.0,0.0
784,24010,923,0.0,0.0,0.0
785,23405,924,0.0,0.0,0.0
786,23408,925,0.0,0.0,0.0
787,23438,926,0.0,0.0,0.0
788,23677,927,0.0,0.0,0.0
789,23846,928,0.0,0.0,0.0
790,24095,929,0.0,0.0,0.0
791,23564,930,0.0,0.0,0.0
792,23873,931,0.0,0.0,0.0
793,23871,932,0.0,0.0,0.0
794,24165,933,0.0,0.0,0.0
795,24606,934,0.0,0.0,0.0
796,23905,935,0.0,0.0,0.0
797,23536,936,0.0,0.0,0.0
798,23063,937,0.0,0.0,0.0
799,21355,938,0.0,0.0,0.0
800,22218,939,0.0,0.0,0.0
801,22338,940,0.0,0.0,0.0
802,22880,941,0.0,0.0,0.0
803,22703,942,0.0,0.0,0.0
804,22721,943,0.0,0.0,0.0
805,22772,944,0.0,0.0,0.0
806,23150,945,0.0,0.0,0.0
807,9256,946,0.0,0.0,0.0
808,21792,947,0.0,0.0,0.0
809,22838,948,0.0,0.0,0.0
810,24388,949,0.0,0.0,0.0
811,24068,950,0.0,0.0,0.0
812,27982,951,0.0,0.0,0.0
813,26839,952,0.0,0.0,0.0
814,26216,953,0.0,0.0,0.0
815,27219,954,0.0,0.0,0.0
816,26045,955,0.0,0.0,0.0
817,24502,956,0.0,0.0,0.0
818,26956,957,0.0,0.0,0.0
819,27040,958,0.0,0.0,0.0
820,26622,959,0.0,0.0,0.0
821,26870,960,0.0,0.0,0.0
822,26648,961,0.0,0.0,0.0
823,26416,962,0.0,0.0,0.0
824,26631,963,0.0,0.0,0.0
825,26811,964,0.0,0.0,0.0
826,26800,965,0.0,0.0,0.0
827,26649,966,0.0,0.0,0.0
828,27013,967,0.0,0.0,0.0
829,26489,968,0.0,0.0,0.0
830,30302,969,0.0,0.0,0.0
831,24970,970,0.0,0.0,0.0
832,27147,971,0.0,0.0,0.0
833,26741,972,0.0,0.0,0.0
834,25848,973,0.0,0.0,0.0
835,21777,974,0.0,0.0,0.0
836,32210,975,0.0,0.0,0.0
837,12823,976,0.0,0.0,0.0
838,30697,977,0.0,0.0,0.0
839,34758,978,0.0,0.0,0.0
840,28665,979,0.0,0.0,0.0
841,27895,980,0.0,0.0,0.0
842,30700,981,0.0,0.0,0.0
843,35549,982,0.0,0.0,0.0
844,35737,983,0.0,0.0,0.0
845,37650,984,0.0,0.0,0.0
846,38126,985,0.0,0.0,0.0
847,35317,986,0.0,0.0,0.0
848,33778,987,0.0,0.0,0.0
